layer_name,l1_penalty,accuracy,sparsity
last_layer,0.0005,99.37,98.45797656250001
last_layer,0.0004,99.38,97.79246484375001
last_layer,0.0003,99.38,96.490494140625
last_layer,0.0002,99.37,92.972158203125
last_layer,0.0001,99.42,80.61567187499999
last_layer,5e-05,99.31,63.670154296875005
last_layer,1e-05,99.09,27.711925781250002
last_layer,5e-06,99.31,16.216468749999997
last_layer,1e-06,99.3,4.537830078125
last_layer,5e-07,99.32,3.02287109375
