layer_name,l1_penalty,accuracy,sparsity
last_layer,0.0001,87.472,98.66717936197917
last_layer,9e-05,87.44,98.29678841145834
last_layer,8e-05,87.296,97.767392578125
