layer_name,l1_penalty,accuracy,sparsity
last_layer,0.0002,74.968,99.70825748697916
last_layer,0.0001,86.038,99.591841796875
