layer_name,l1_penalty,accuracy,sparsity
last_layer,0.0002,86.706,94.70533072916668
last_layer,0.0005,86.902,99.05671
last_layer,1e-05,84.214,29.04410
last_layer,5e-06,83.162,17.03774
last_layer,5e-05,85.826,70.49159212239584
