layer_name,l1_penalty,accuracy,sparsity
last_layer,0.0005,99.5,99.702189453125
last_layer,0.0004,99.49,99.608486328125
last_layer,0.0003,99.52,99.445943359375
last_layer,0.0002,99.53,99.107462890625
last_layer,0.0001,99.46,97.9967890625
last_layer,5e-05,99.5,94.7293515625
last_layer,1e-05,99.56,68.63443359375
last_layer,5e-06,99.5,54.08109375
last_layer,1e-06,99.47,27.609431640624997
last_layer,5e-07,99.4,21.904337890625
